<?xml version="1.0" encoding="utf-8"?>
<!--
 [y] hybris Platform

 Copyright (c) 2018 SAP SE or an SAP affiliate company.  All rights reserved.

 This software is the confidential and proprietary information of SAP
 ("Confidential Information"). You shall not disclose such Confidential
 Information and shall use it only in accordance with the terms of the
 license agreement you entered into with SAP.
-->
<process xmlns="http://www.hybris.de/xsd/processdefinition" start="initialReturnAction"
         name="return-process" processClass="de.hybris.platform.returns.model.ReturnProcessModel">

    <action id="initialReturnAction" bean="initialReturnAction">
        <transition name="ONLINE" to="annexCloudReturnOrderAction"/>
        <transition name="INSTORE" to="captureRefundAction"/>
    </action>

    <action id="annexCloudReturnOrderAction" bean="annexCloudReturnOrderAction">
        <transition name="OK" to="waitForConfirmOrCancelReturnAction"/>
        <transition name="NOK" to="failed"/>
    </action>

    <wait id="waitForConfirmOrCancelReturnAction" prependProcessCode="true" then="failed">
        <case event="ConfirmOrCancelRefundEvent">
            <choice id="cancelReturn" then="cancelReturnAction"/>
            <choice id="approveReturn" then="approveReturnAction"/>
        </case>
    </wait>

    <action id="cancelReturnAction" bean="cancelReturnAction">
        <transition name="OK" to="success"/>
    </action>

    <action id="approveReturnAction" bean="approveReturnAction">
        <transition name="OK" to="annexCloudReturnOrderAction"/>
    </action>



    <action id="printReturnLabelAction" bean="printReturnLabelAction">
        <transition name="OK" to="printPackingLabelAction"/>
    </action>

    <action id="printPackingLabelAction" bean="printPackingLabelAction">
        <transition name="OK" to="waitForGoodsAction"/>
    </action>

    <wait id="waitForGoodsAction" prependProcessCode="true" then="failed">
        <case event="ApproveOrCancelGoodsEvent">
            <choice id="cancelReturn" then="cancelReturnAction"/>
            <choice id="acceptGoods" then="acceptGoodsAction"/>
        </case>
    </wait>

    <action id="acceptGoodsAction" bean="acceptGoodsAction">
        <transition name="OK" to="captureRefundAction"/>
    </action>

    <action id="captureRefundAction" bean="captureRefundAction">
        <transition name="OK" to="successCaptureAction"/>
        <transition name="NOK" to="waitForFailCaptureAction"/>
    </action>

    <wait id="waitForFailCaptureAction" prependProcessCode="true" then="failed">
        <case event="FailCaptureActionEvent">
            <choice id="bypassCapture" then="taxReverseAction"/>
            <choice id="cancelReturn" then="cancelReturnAction"/>
        </case>
    </wait>

    <action id="successCaptureAction" bean="successCaptureAction">
        <transition name="OK" to="taxReverseAction"/>
    </action>

    <action id="taxReverseAction" bean="taxReverseAction">
        <transition name="OK" to="successTaxReverseAction"/>
        <transition name="NOK" to="waitForFailTaxReverseAction"/>
    </action>

    <wait id="waitForFailTaxReverseAction" then="inventoryUpdateAction" prependProcessCode="true">
        <event>FailTaxReverseEvent</event>
    </wait>

    <action id="successTaxReverseAction" bean="successTaxReverseAction">
        <transition name="OK" to="inventoryUpdateAction"/>
    </action>

    <action id="inventoryUpdateAction" bean="inventoryUpdateAction">
        <transition name="OK" to="success"/>
    </action>
    
    <end id="failed" state="FAILED">Return issue detected.</end>
    <end id="success" state="SUCCEEDED">Return process ended as expected.</end>
</process>
