<?xml version="1.0" encoding="UTF-8" standalone="yes" ?>

<widget-definition id="com.annexcloud.widgets.loyaltypopup" xmlns:xsi="http://www.w3.org/2001/XMLSchema-instance" xsi:noNamespaceSchemaLocation="http://www.hybris.com/schema/cockpitng/widget-definition.xsd">

    <name>Loyalty Popup</name>
    <description>Loyalty Popup widget.</description>
    <defaultTitle>Loyalty Popup</defaultTitle>
    <author>hybris</author>
    <version>0.1</version>

    <sockets>
        <input id="openACWidget" />
    </sockets>

    <view src="loyaltypopup.zul"/>
    <controller class="com.annexcloud.widgets.loyaltypopup.LoyaltyPopUpController"/>
</widget-definition>