<?xml version="1.0" encoding="UTF-8"?>
<beans xmlns="http://www.springframework.org/schema/beans"
	xmlns:xsi="http://www.w3.org/2001/XMLSchema-instance"
	xmlns:aop="http://www.springframework.org/schema/aop"
	xsi:schemaLocation="http://www.springframework.org/schema/beans
           http://www.springframework.org/schema/beans/spring-beans.xsd
           http://www.springframework.org/schema/aop
           http://www.springframework.org/schema/aop/spring-aop.xsd">

	<bean id="annexCloudorderProcessDefinitionResource" class="de.hybris.platform.processengine.definition.ProcessDefinitionResource" >
		<property name="resource" value="classpath:/annexcloudv3fulfilmentprocess/process/annexcloud-order-process.xml"/>
	  </bean>

	<bean id="acReturnProcessDefinitionResource" class="de.hybris.platform.processengine.definition.ProcessDefinitionResource" >
		<property name="resource" value="classpath:/annexcloudv3fulfilmentprocess/process/annexcloud-return-process.xml"/>
	</bean>
	  
	 <!--!!!!!!!!!!!!!!!!!!! Process Actions !!!!!!!!!!!!!!!!!!!-->
	 <import resource="/annexcloudv3fulfilmentprocess/process/order-process-spring.xml" />
	 <import resource="/annexcloudv3fulfilmentprocess/process/return-process-spring.xml"/>
	
    <bean id="annexcloudv3fulfilmentprocessSystemSetup" class="com.annexcloud.setup.Annexcloudv3fulfilmentprocessSystemSetup">
        <!-- constructor arg injection example -->
        <constructor-arg ref="annexcloudv3fulfilmentprocessService"/>
    </bean>

    <bean id="annexcloudv3fulfilmentprocessService" class="com.annexcloud.service.impl.DefaultAnnexcloudv3fulfilmentprocessService">
        <!-- setter injection example -->
        <property name="modelService" ref="modelService"/>
        <property name="mediaService" ref="mediaService"/>
        <property name="flexibleSearchService" ref="flexibleSearchService"/>
    </bean>
			
</beans>
